hex,ad,r,g,b,ogrenci,etiket
#E63946,kırmızı,230,57,70,ogrenci01,enerjik
#F1FAEE,kırık beyaz,241,250,238,ogrenci01,enerjik
#A8DADC,açık turkuaz,168,218,220,ogrenci01,sakin
#457B9D,orta mavi,69,123,157,ogrenci01,ciddi
#1D3557,lacivert,29,53,87,ogrenci01,ciddi
#F4A261,şeftali,244,162,97,ogrenci01,enerjik
#2A9D8F,yeşil turkuaz,42,157,143,ogrenci01,sakin
#E9C46A,hardal,233,196,106,ogrenci01,sakin
#264653,petrol,38,70,83,ogrenci01,ciddi
#8D99AE,gri mavi,141,153,174,ogrenci01,sakin
#FFB4A2,somon,255,180,162,ogrenci01,ciddi
#6D6875,puslu mor,109,104,117,ogrenci01,sakin
#B5838D,gül kurusu,181,131,141,ogrenci01,sakin
#606C38,zeytin,96,108,56,ogrenci01,enerjik
#283618,koyu yeşil,40,54,24,ogrenci01,ciddi
#BC6C25,tarçın,188,108,37,ogrenci01,ciddi
#DDA15E,bal,221,161,94,ogrenci01,sakin
#FEFAE0,krem,254,250,224,ogrenci01,enerjik
#9A031E,bordo,154,3,30,ogrenci01,enerjik
#0F4C5C,derin mavi,15,76,92,ogrenci01,ciddi
#E63946,kırmızı,230,57,70,ogrenci02,enerjik
#F1FAEE,kırık beyaz,241,250,238,ogrenci02,sakin
#A8DADC,açık turkuaz,168,218,220,ogrenci02,sakin
#457B9D,orta mavi,69,123,157,ogrenci02,sakin
#1D3557,lacivert,29,53,87,ogrenci02,ciddi
#F4A261,şeftali,244,162,97,ogrenci02,enerjik
#2A9D8F,yeşil turkuaz,42,157,143,ogrenci02,sakin
#E9C46A,hardal,233,196,106,ogrenci02,enerjik
#264653,petrol,38,70,83,ogrenci02,ciddi
#8D99AE,gri mavi,141,153,174,ogrenci02,ciddi
#FFB4A2,somon,255,180,162,ogrenci02,enerjik
#6D6875,puslu mor,109,104,117,ogrenci02,sakin
#B5838D,gül kurusu,181,131,141,ogrenci02,enerjik
#606C38,zeytin,96,108,56,ogrenci02,enerjik
#283618,koyu yeşil,40,54,24,ogrenci02,sakin
#BC6C25,tarçın,188,108,37,ogrenci02,ciddi
#DDA15E,bal,221,161,94,ogrenci02,sakin
#FEFAE0,krem,254,250,224,ogrenci02,ciddi
#9A031E,bordo,154,3,30,ogrenci02,enerjik
#0F4C5C,derin mavi,15,76,92,ogrenci02,sakin
#E63946,kırmızı,230,57,70,ogrenci03,enerjik
#F1FAEE,kırık beyaz,241,250,238,ogrenci03,sakin
#A8DADC,açık turkuaz,168,218,220,ogrenci03,sakin
#457B9D,orta mavi,69,123,157,ogrenci03,sakin
#1D3557,lacivert,29,53,87,ogrenci03,ciddi
#F4A261,şeftali,244,162,97,ogrenci03,ciddi
#2A9D8F,yeşil turkuaz,42,157,143,ogrenci03,enerjik
#E9C46A,hardal,233,196,106,ogrenci03,enerjik
#264653,petrol,38,70,83,ogrenci03,ciddi
#8D99AE,gri mavi,141,153,174,ogrenci03,sakin
#FFB4A2,somon,255,180,162,ogrenci03,enerjik
#6D6875,puslu mor,109,104,117,ogrenci03,sakin
#B5838D,gül kurusu,181,131,141,ogrenci03,enerjik
#606C38,zeytin,96,108,56,ogrenci03,ciddi
#283618,koyu yeşil,40,54,24,ogrenci03,ciddi
#BC6C25,tarçın,188,108,37,ogrenci03,enerjik
#DDA15E,bal,221,161,94,ogrenci03,enerjik
#FEFAE0,krem,254,250,224,ogrenci03,enerjik
#9A031E,bordo,154,3,30,ogrenci03,enerjik
#0F4C5C,derin mavi,15,76,92,ogrenci03,sakin
#E63946,kırmızı,230,57,70,ogrenci04,enerjik
#F1FAEE,kırık beyaz,241,250,238,ogrenci04,sakin
#A8DADC,açık turkuaz,168,218,220,ogrenci04,sakin
#457B9D,orta mavi,69,123,157,ogrenci04,sakin
#1D3557,lacivert,29,53,87,ogrenci04,sakin
#F4A261,şeftali,244,162,97,ogrenci04,enerjik
#2A9D8F,yeşil turkuaz,42,157,143,ogrenci04,sakin
#E9C46A,hardal,233,196,106,ogrenci04,ciddi
#264653,petrol,38,70,83,ogrenci04,enerjik
#8D99AE,gri mavi,141,153,174,ogrenci04,sakin
#FFB4A2,somon,255,180,162,ogrenci04,enerjik
#6D6875,puslu mor,109,104,117,ogrenci04,enerjik
#B5838D,gül kurusu,181,131,141,ogrenci04,enerjik
#606C38,zeytin,96,108,56,ogrenci04,enerjik
#283618,koyu yeşil,40,54,24,ogrenci04,ciddi
#BC6C25,tarçın,188,108,37,ogrenci04,enerjik
#DDA15E,bal,221,161,94,ogrenci04,enerjik
#FEFAE0,krem,254,250,224,ogrenci04,sakin
#9A031E,bordo,154,3,30,ogrenci04,enerjik
#0F4C5C,derin mavi,15,76,92,ogrenci04,ciddi
#E63946,kırmızı,230,57,70,ogrenci05,ciddi
#F1FAEE,kırık beyaz,241,250,238,ogrenci05,sakin
#A8DADC,açık turkuaz,168,218,220,ogrenci05,enerjik
#457B9D,orta mavi,69,123,157,ogrenci05,sakin
#1D3557,lacivert,29,53,87,ogrenci05,ciddi
#F4A261,şeftali,244,162,97,ogrenci05,enerjik
#2A9D8F,yeşil turkuaz,42,157,143,ogrenci05,sakin
#E9C46A,hardal,233,196,106,ogrenci05,enerjik
#264653,petrol,38,70,83,ogrenci05,enerjik
#8D99AE,gri mavi,141,153,174,ogrenci05,sakin
#FFB4A2,somon,255,180,162,ogrenci05,enerjik
#6D6875,puslu mor,109,104,117,ogrenci05,sakin
#B5838D,gül kurusu,181,131,141,ogrenci05,enerjik
#606C38,zeytin,96,108,56,ogrenci05,enerjik
#283618,koyu yeşil,40,54,24,ogrenci05,sakin
#BC6C25,tarçın,188,108,37,ogrenci05,enerjik
#DDA15E,bal,221,161,94,ogrenci05,enerjik
#FEFAE0,krem,254,250,224,ogrenci05,sakin
#9A031E,bordo,154,3,30,ogrenci05,enerjik
#0F4C5C,derin mavi,15,76,92,ogrenci05,ciddi
#E63946,kırmızı,230,57,70,ogrenci06,enerjik
#F1FAEE,kırık beyaz,241,250,238,ogrenci06,sakin
#A8DADC,açık turkuaz,168,218,220,ogrenci06,sakin
#457B9D,orta mavi,69,123,157,ogrenci06,ciddi
#1D3557,lacivert,29,53,87,ogrenci06,enerjik
#F4A261,şeftali,244,162,97,ogrenci06,enerjik
#2A9D8F,yeşil turkuaz,42,157,143,ogrenci06,sakin
#E9C46A,hardal,233,196,106,ogrenci06,enerjik
#264653,petrol,38,70,83,ogrenci06,ciddi
#8D99AE,gri mavi,141,153,174,ogrenci06,sakin
#FFB4A2,somon,255,180,162,ogrenci06,enerjik
#6D6875,puslu mor,109,104,117,ogrenci06,sakin
#B5838D,gül kurusu,181,131,141,ogrenci06,sakin
#606C38,zeytin,96,108,56,ogrenci06,enerjik
#283618,koyu yeşil,40,54,24,ogrenci06,ciddi
#BC6C25,tarçın,188,108,37,ogrenci06,enerjik
#DDA15E,bal,221,161,94,ogrenci06,enerjik
#FEFAE0,krem,254,250,224,ogrenci06,sakin
#9A031E,bordo,154,3,30,ogrenci06,enerjik
#0F4C5C,derin mavi,15,76,92,ogrenci06,ciddi
#E63946,kırmızı,230,57,70,ogrenci07,ciddi
#F1FAEE,kırık beyaz,241,250,238,ogrenci07,sakin
#A8DADC,açık turkuaz,168,218,220,ogrenci07,sakin
#457B9D,orta mavi,69,123,157,ogrenci07,ciddi
#1D3557,lacivert,29,53,87,ogrenci07,ciddi
#F4A261,şeftali,244,162,97,ogrenci07,ciddi
#2A9D8F,yeşil turkuaz,42,157,143,ogrenci07,sakin
#E9C46A,hardal,233,196,106,ogrenci07,enerjik
#264653,petrol,38,70,83,ogrenci07,ciddi
#8D99AE,gri mavi,141,153,174,ogrenci07,sakin
#FFB4A2,somon,255,180,162,ogrenci07,enerjik
#6D6875,puslu mor,109,104,117,ogrenci07,sakin
#B5838D,gül kurusu,181,131,141,ogrenci07,ciddi
#606C38,zeytin,96,108,56,ogrenci07,ciddi
#283618,koyu yeşil,40,54,24,ogrenci07,ciddi
#BC6C25,tarçın,188,108,37,ogrenci07,sakin
#DDA15E,bal,221,161,94,ogrenci07,enerjik
#FEFAE0,krem,254,250,224,ogrenci07,enerjik
#9A031E,bordo,154,3,30,ogrenci07,enerjik
#0F4C5C,derin mavi,15,76,92,ogrenci07,ciddi
#E63946,kırmızı,230,57,70,ogrenci08,enerjik
#F1FAEE,kırık beyaz,241,250,238,ogrenci08,sakin
#A8DADC,açık turkuaz,168,218,220,ogrenci08,enerjik
#457B9D,orta mavi,69,123,157,ogrenci08,sakin
#1D3557,lacivert,29,53,87,ogrenci08,ciddi
#F4A261,şeftali,244,162,97,ogrenci08,enerjik
#2A9D8F,yeşil turkuaz,42,157,143,ogrenci08,ciddi
#E9C46A,hardal,233,196,106,ogrenci08,sakin
#264653,petrol,38,70,83,ogrenci08,ciddi
#8D99AE,gri mavi,141,153,174,ogrenci08,enerjik
#FFB4A2,somon,255,180,162,ogrenci08,enerjik
#6D6875,puslu mor,109,104,117,ogrenci08,enerjik
#B5838D,gül kurusu,181,131,141,ogrenci08,ciddi
#606C38,zeytin,96,108,56,ogrenci08,enerjik
#283618,koyu yeşil,40,54,24,ogrenci08,enerjik
#BC6C25,tarçın,188,108,37,ogrenci08,enerjik
#DDA15E,bal,221,161,94,ogrenci08,enerjik
#FEFAE0,krem,254,250,224,ogrenci08,sakin
#9A031E,bordo,154,3,30,ogrenci08,enerjik
#0F4C5C,derin mavi,15,76,92,ogrenci08,ciddi
#E63946,kırmızı,230,57,70,ogrenci09,ciddi
#F1FAEE,kırık beyaz,241,250,238,ogrenci09,sakin
#A8DADC,açık turkuaz,168,218,220,ogrenci09,enerjik
#457B9D,orta mavi,69,123,157,ogrenci09,sakin
#1D3557,lacivert,29,53,87,ogrenci09,ciddi
#F4A261,şeftali,244,162,97,ogrenci09,enerjik
#2A9D8F,yeşil turkuaz,42,157,143,ogrenci09,sakin
#E9C46A,hardal,233,196,106,ogrenci09,enerjik
#264653,petrol,38,70,83,ogrenci09,ciddi
#8D99AE,gri mavi,141,153,174,ogrenci09,sakin
#FFB4A2,somon,255,180,162,ogrenci09,enerjik
#6D6875,puslu mor,109,104,117,ogrenci09,ciddi
#B5838D,gül kurusu,181,131,141,ogrenci09,enerjik
#606C38,zeytin,96,108,56,ogrenci09,enerjik
#283618,koyu yeşil,40,54,24,ogrenci09,enerjik
#BC6C25,tarçın,188,108,37,ogrenci09,enerjik
#DDA15E,bal,221,161,94,ogrenci09,ciddi
#FEFAE0,krem,254,250,224,ogrenci09,enerjik
#9A031E,bordo,154,3,30,ogrenci09,ciddi
#0F4C5C,derin mavi,15,76,92,ogrenci09,ciddi
#E63946,kırmızı,230,57,70,ogrenci10,enerjik
#F1FAEE,kırık beyaz,241,250,238,ogrenci10,sakin
#A8DADC,açık turkuaz,168,218,220,ogrenci10,sakin
#457B9D,orta mavi,69,123,157,ogrenci10,enerjik
#1D3557,lacivert,29,53,87,ogrenci10,ciddi
#F4A261,şeftali,244,162,97,ogrenci10,enerjik
#2A9D8F,yeşil turkuaz,42,157,143,ogrenci10,enerjik
#E9C46A,hardal,233,196,106,ogrenci10,ciddi
#264653,petrol,38,70,83,ogrenci10,ciddi
#8D99AE,gri mavi,141,153,174,ogrenci10,sakin
#FFB4A2,somon,255,180,162,ogrenci10,enerjik
#6D6875,puslu mor,109,104,117,ogrenci10,sakin
#B5838D,gül kurusu,181,131,141,ogrenci10,enerjik
#606C38,zeytin,96,108,56,ogrenci10,sakin
#283618,koyu yeşil,40,54,24,ogrenci10,sakin
#BC6C25,tarçın,188,108,37,ogrenci10,enerjik
#DDA15E,bal,221,161,94,ogrenci10,enerjik
#FEFAE0,krem,254,250,224,ogrenci10,enerjik
#9A031E,bordo,154,3,30,ogrenci10,enerjik
#0F4C5C,derin mavi,15,76,92,ogrenci10,ciddi
#E63946,kırmızı,230,57,70,ogrenci11,enerjik
#F1FAEE,kırık beyaz,241,250,238,ogrenci11,sakin
#A8DADC,açık turkuaz,168,218,220,ogrenci11,sakin
#457B9D,orta mavi,69,123,157,ogrenci11,sakin
#1D3557,lacivert,29,53,87,ogrenci11,ciddi
#F4A261,şeftali,244,162,97,ogrenci11,enerjik
#2A9D8F,yeşil turkuaz,42,157,143,ogrenci11,sakin
#E9C46A,hardal,233,196,106,ogrenci11,sakin
#264653,petrol,38,70,83,ogrenci11,ciddi
#8D99AE,gri mavi,141,153,174,ogrenci11,sakin
#FFB4A2,somon,255,180,162,ogrenci11,ciddi
#6D6875,puslu mor,109,104,117,ogrenci11,sakin
#B5838D,gül kurusu,181,131,141,ogrenci11,enerjik
#606C38,zeytin,96,108,56,ogrenci11,enerjik
#283618,koyu yeşil,40,54,24,ogrenci11,ciddi
#BC6C25,tarçın,188,108,37,ogrenci11,enerjik
#DDA15E,bal,221,161,94,ogrenci11,ciddi
#FEFAE0,krem,254,250,224,ogrenci11,ciddi
#9A031E,bordo,154,3,30,ogrenci11,enerjik
#0F4C5C,derin mavi,15,76,92,ogrenci11,ciddi
#E63946,kırmızı,230,57,70,ogrenci12,sakin
#F1FAEE,kırık beyaz,241,250,238,ogrenci12,sakin
#A8DADC,açık turkuaz,168,218,220,ogrenci12,sakin
#457B9D,orta mavi,69,123,157,ogrenci12,sakin
#1D3557,lacivert,29,53,87,ogrenci12,ciddi
#F4A261,şeftali,244,162,97,ogrenci12,enerjik
#2A9D8F,yeşil turkuaz,42,157,143,ogrenci12,sakin
#E9C46A,hardal,233,196,106,ogrenci12,enerjik
#264653,petrol,38,70,83,ogrenci12,ciddi
#8D99AE,gri mavi,141,153,174,ogrenci12,sakin
#FFB4A2,somon,255,180,162,ogrenci12,enerjik
#6D6875,puslu mor,109,104,117,ogrenci12,sakin
#B5838D,gül kurusu,181,131,141,ogrenci12,enerjik
#606C38,zeytin,96,108,56,ogrenci12,enerjik
#283618,koyu yeşil,40,54,24,ogrenci12,sakin
#BC6C25,tarçın,188,108,37,ogrenci12,enerjik
#DDA15E,bal,221,161,94,ogrenci12,enerjik
#FEFAE0,krem,254,250,224,ogrenci12,sakin
#9A031E,bordo,154,3,30,ogrenci12,enerjik
#0F4C5C,derin mavi,15,76,92,ogrenci12,ciddi
